Id,Predicted
1_1,0
1_2,0
1_3,0
1_4,0
1_5,0
1_6,0
1_7,0
1_8,0
1_9,0
1_10,0
1_11,0
1_12,0
1_13,0
1_14,0
1_15,0
1_16,0
1_17,0
1_18,0
1_19,0
1_20,0
1_21,0
1_22,0
1_23,0
1_24,0
1_25,0
1_26,0
1_27,0
1_28,0
1_29,0
1_30,0
1_31,0
1_32,0
1_33,0
1_34,0
1_35,0
1_36,0
1_37,0
1_38,0
1_39,0
1_40,0
1_41,0
1_42,0
1_43,0
1_44,0
1_45,0
1_46,0
1_47,0
1_48,0
1_49,0
1_50,0
1_51,0
1_52,0
1_53,0
1_54,0
1_55,0
1_56,0
1_57,0
1_58,0
1_59,0
1_60,0
1_61,0
1_62,0
2_1,0
2_2,0
2_3,0
2_4,0
2_5,0
2_6,0
2_7,0
2_8,0
2_9,0
2_10,0
2_11,0
2_12,0
2_13,0
2_14,0
2_15,0
2_16,0
2_17,0
2_18,0
2_19,0
2_20,0
2_21,0
2_22,0
2_23,0
2_24,0
2_25,0
2_26,0
2_27,0
2_28,0
2_29,0
2_30,0
2_31,0
2_32,0
2_33,0
2_34,0
2_35,0
2_36,0
2_37,0
2_38,0
2_39,0
2_40,0
2_41,0
2_42,0
2_43,0
2_44,0
2_45,0
2_46,0
2_47,0
2_48,0
2_49,0
2_50,0
2_51,0
2_52,0
2_53,0
2_54,0
2_55,0
2_56,0
2_57,0
2_58,0
2_59,0
2_60,0
2_61,0
2_62,0
3_1,0
3_2,0
3_3,0
3_4,0
3_5,0
3_6,0
3_7,0
3_8,0
3_9,0
3_10,0
3_11,0
3_12,0
3_13,0
3_14,0
3_15,0
3_16,0
3_17,0
3_18,0
3_19,0
3_20,0
3_21,0
3_22,0
3_23,0
3_24,0
3_25,0
3_26,0
3_27,0
3_28,0
3_29,0
3_30,0
3_31,0
3_32,0
3_33,0
3_34,0
3_35,0
3_36,0
3_37,0
3_38,0
3_39,0
3_40,0
3_41,0
3_42,0
3_43,0
3_44,0
3_45,0
3_46,0
3_47,0
3_48,0
3_49,0
3_50,0
3_51,0
3_52,0
3_53,0
3_54,0
3_55,0
3_56,0
3_57,0
3_58,0
3_59,0
3_60,0
3_61,0
3_62,0
4_1,0
4_2,0
4_3,0
4_4,0
4_5,0
4_6,0
4_7,0
4_8,0
4_9,0
4_10,0
4_11,0
4_12,0
4_13,0
4_14,0
4_15,0
4_16,0
4_17,0
4_18,0
4_19,0
4_20,0
4_21,0
4_22,0
4_23,0
4_24,0
4_25,0
4_26,0
4_27,0
4_28,0
4_29,0
4_30,0
4_31,0
4_32,0
4_33,0
4_34,0
4_35,0
4_36,0
4_37,0
4_38,0
4_39,0
4_40,0
4_41,0
4_42,0
4_43,0
4_44,0
4_45,0
4_46,0
4_47,0
4_48,0
4_49,0
4_50,0
4_51,0
4_52,0
4_53,0
4_54,0
4_55,0
4_56,0
4_57,0
4_58,0
4_59,0
4_60,0
4_61,0
4_62,0
5_1,0
5_2,0
5_3,0
5_4,0
5_5,0
5_6,0
5_7,0
5_8,0
5_9,0
5_10,0
5_11,0
5_12,0
5_13,0
5_14,0
5_15,0
5_16,0
5_17,0
5_18,0
5_19,0
5_20,0
5_21,0
5_22,0
5_23,0
5_24,0
5_25,0
5_26,0
5_27,0
5_28,0
5_29,0
5_30,0
5_31,0
5_32,0
5_33,0
5_34,0
5_35,0
5_36,0
5_37,0
5_38,0
5_39,0
5_40,0
5_41,0
5_42,0
5_43,0
5_44,0
5_45,0
5_46,0
5_47,0
5_48,0
5_49,0
5_50,0
5_51,0
5_52,0
5_53,0
5_54,0
5_55,0
5_56,0
5_57,0
5_58,0
5_59,0
5_60,0
5_61,0
5_62,0
6_1,0
6_2,0
6_3,0
6_4,0
6_5,0
6_6,0
6_7,0
6_8,0
6_9,0
6_10,0
6_11,0
6_12,0
6_13,0
6_14,0
6_15,0
6_16,0
6_17,0
6_18,0
6_19,0
6_20,0
6_21,0
6_22,0
6_23,0
6_24,0
6_25,0
6_26,0
6_27,0
6_28,0
6_29,0
6_30,0
6_31,0
6_32,0
6_33,0
6_34,0
6_35,0
6_36,0
6_37,0
6_38,0
6_39,0
6_40,0
6_41,0
6_42,0
6_43,0
6_44,0
6_45,0
6_46,0
6_47,0
6_48,0
6_49,0
6_50,0
6_51,0
6_52,0
6_53,0
6_54,0
6_55,0
6_56,0
6_57,0
6_58,0
6_59,0
6_60,0
6_61,0
6_62,0
7_1,0
7_2,0
7_3,0
7_4,0
7_5,0
7_6,0
7_7,0
7_8,0
7_9,0
7_10,0
7_11,0
7_12,0
7_13,0
7_14,0
7_15,0
7_16,0
7_17,0
7_18,0
7_19,0
7_20,0
7_21,0
7_22,0
7_23,0
7_24,0
7_25,0
7_26,0
7_27,0
7_28,0
7_29,0
7_30,0
7_31,0
7_32,0
7_33,0
7_34,0
7_35,0
7_36,0
7_37,0
7_38,0
7_39,0
7_40,0
7_41,0
7_42,0
7_43,0
7_44,0
7_45,0
7_46,0
7_47,0
7_48,0
7_49,0
7_50,0
7_51,0
7_52,0
7_53,0
7_54,0
7_55,0
7_56,0
7_57,0
7_58,0
7_59,0
7_60,0
7_61,0
7_62,0
8_1,0
8_2,0
8_3,0
8_4,0
8_5,0
8_6,0
8_7,0
8_8,0
8_9,0
8_10,0
8_11,0
8_12,0
8_13,0
8_14,0
8_15,0
8_16,0
8_17,0
8_18,0
8_19,0
8_20,0
8_21,0
8_22,0
8_23,0
8_24,0
8_25,0
8_26,0
8_27,0
8_28,0
8_29,0
8_30,0
8_31,0
8_32,0
8_33,0
8_34,0
8_35,0
8_36,0
8_37,0
8_38,0
8_39,0
8_40,0
8_41,0
8_42,0
8_43,0
8_44,0
8_45,0
8_46,0
8_47,0
8_48,0
8_49,0
8_50,0
8_51,0
8_52,0
8_53,0
8_54,0
8_55,0
8_56,0
8_57,0
8_58,0
8_59,0
8_60,0
8_61,0
8_62,0
9_1,0
9_2,0
9_3,0
9_4,0
9_5,0
9_6,0
9_7,0
9_8,0
9_9,0
9_10,0
9_11,0
9_12,0
9_13,0
9_14,0
9_15,0
9_16,0
9_17,0
9_18,0
9_19,0
9_20,0
9_21,0
9_22,0
9_23,0
9_24,0
9_25,0
9_26,0
9_27,0
9_28,0
9_29,0
9_30,0
9_31,0
9_32,0
9_33,0
9_34,0
9_35,0
9_36,0
9_37,0
9_38,0
9_39,0
9_40,0
9_41,0
9_42,0
9_43,0
9_44,0
9_45,0
9_46,0
9_47,0
9_48,0
9_49,0
9_50,0
9_51,0
9_52,0
9_53,0
9_54,0
9_55,0
9_56,0
9_57,0
9_58,0
9_59,0
9_60,0
9_61,0
9_62,0
10_1,0
10_2,0
10_3,0
10_4,0
10_5,0
10_6,0
10_7,0
10_8,0
10_9,0
10_10,0
10_11,0
10_12,0
10_13,0
10_14,0
10_15,0
10_16,0
10_17,0
10_18,0
10_19,0
10_20,0
10_21,0
10_22,0
10_23,0
10_24,0
10_25,0
10_26,0
10_27,0
10_28,0
10_29,0
10_30,0
10_31,0
10_32,0
10_33,0
10_34,0
10_35,0
10_36,0
10_37,0
10_38,0
10_39,0
10_40,0
10_41,0
10_42,0
10_43,0
10_44,0
10_45,0
10_46,0
10_47,0
10_48,0
10_49,0
10_50,0
10_51,0
10_52,0
10_53,0
10_54,0
10_55,0
10_56,0
10_57,0
10_58,0
10_59,0
10_60,0
10_61,0
10_62,0
11_1,0
11_2,0
11_3,0
11_4,0
11_5,0
11_6,0
11_7,0
11_8,0
11_9,0
11_10,0
11_11,0
11_12,0
11_13,0
11_14,0
11_15,0
11_16,0
11_17,0
11_18,0
11_19,0
11_20,0
11_21,0
11_22,0
11_23,0
11_24,0
11_25,0
11_26,0
11_27,0
11_28,0
11_29,0
11_30,0
11_31,0
11_32,0
11_33,0
11_34,0
11_35,0
11_36,0
11_37,0
11_38,0
11_39,0
11_40,0
11_41,0
11_42,0
11_43,0
11_44,0
11_45,0
11_46,0
11_47,0
11_48,0
11_49,0
11_50,0
11_51,0
11_52,0
11_53,0
11_54,0
11_55,0
11_56,0
11_57,0
11_58,0
11_59,0
11_60,0
11_61,0
11_62,0
12_1,0
12_2,0
12_3,0
12_4,0
12_5,0
12_6,0
12_7,0
12_8,0
12_9,0
12_10,0
12_11,0
12_12,0
12_13,0
12_14,0
12_15,0
12_16,0
12_17,0
12_18,0
12_19,0
12_20,0
12_21,0
12_22,0
12_23,0
12_24,0
12_25,0
12_26,0
12_27,0
12_28,0
12_29,0
12_30,0
12_31,0
12_32,0
12_33,0
12_34,0
12_35,0
12_36,0
12_37,0
12_38,0
12_39,0
12_40,0
12_41,0
12_42,0
12_43,0
12_44,0
12_45,0
12_46,0
12_47,0
12_48,0
12_49,0
12_50,0
12_51,0
12_52,0
12_53,0
12_54,0
12_55,0
12_56,0
12_57,0
12_58,0
12_59,0
12_60,0
12_61,0
12_62,0
13_1,0
13_2,0
13_3,0
13_4,0
13_5,0
13_6,0
13_7,0
13_8,0
13_9,0
13_10,0
13_11,0
13_12,0
13_13,0
13_14,0
13_15,0
13_16,0
13_17,0
13_18,0
13_19,0
13_20,0
13_21,0
13_22,0
13_23,0
13_24,0
13_25,0
13_26,0
13_27,0
13_28,0
13_29,0
13_30,0
13_31,0
13_32,0
13_33,0
13_34,0
13_35,0
13_36,0
13_37,0
13_38,0
13_39,0
13_40,0
13_41,0
13_42,0
13_43,0
13_44,0
13_45,0
13_46,0
13_47,0
13_48,0
13_49,0
13_50,0
13_51,0
13_52,0
13_53,0
13_54,0
13_55,0
13_56,0
13_57,0
13_58,0
13_59,0
13_60,0
13_61,0
13_62,0
14_1,0
14_2,0
14_3,0
14_4,0
14_5,0
14_6,0
14_7,0
14_8,0
14_9,0
14_10,0
14_11,0
14_12,0
14_13,0
14_14,0
14_15,0
14_16,0
14_17,0
14_18,0
14_19,0
14_20,0
14_21,0
14_22,0
14_23,0
14_24,0
14_25,0
14_26,0
14_27,0
14_28,0
14_29,0
14_30,0
14_31,0
14_32,0
14_33,0
14_34,0
14_35,0
14_36,0
14_37,0
14_38,0
14_39,0
14_40,0
14_41,0
14_42,0
14_43,0
14_44,0
14_45,0
14_46,0
14_47,0
14_48,0
14_49,0
14_50,0
14_51,0
14_52,0
14_53,0
14_54,0
14_55,0
14_56,0
14_57,0
14_58,0
14_59,0
14_60,0
14_61,0
14_62,0
15_1,0
15_2,0
15_3,0
15_4,0
15_5,0
15_6,0
15_7,0
15_8,0
15_9,0
15_10,0
15_11,0
15_12,0
15_13,0
15_14,0
15_15,0
15_16,0
15_17,0
15_18,0
15_19,0
15_20,0
15_21,0
15_22,0
15_23,0
15_24,0
15_25,0
15_26,0
15_27,0
15_28,0
15_29,0
15_30,0
15_31,0
15_32,0
15_33,0
15_34,0
15_35,0
15_36,0
15_37,0
15_38,0
15_39,0
15_40,0
15_41,0
15_42,0
15_43,0
15_44,0
15_45,0
15_46,0
15_47,0
15_48,0
15_49,0
15_50,0
15_51,0
15_52,0
15_53,0
15_54,0
15_55,0
15_56,0
15_57,0
15_58,0
15_59,0
15_60,0
15_61,0
15_62,0
16_1,0
16_2,0
16_3,0
16_4,0
16_5,0
16_6,0
16_7,0
16_8,0
16_9,0
16_10,0
16_11,0
16_12,0
16_13,0
16_14,0
16_15,0
16_16,0
16_17,0
16_18,0
16_19,0
16_20,0
16_21,0
16_22,0
16_23,0
16_24,0
16_25,0
16_26,0
16_27,0
16_28,0
16_29,0
16_30,0
16_31,0
16_32,0
16_33,0
16_34,0
16_35,0
16_36,0
16_37,0
16_38,0
16_39,0
16_40,0
16_41,0
16_42,0
16_43,0
16_44,0
16_45,0
16_46,0
16_47,0
16_48,0
16_49,0
16_50,0
16_51,0
16_52,0
16_53,0
16_54,0
16_55,0
16_56,0
16_57,0
16_58,0
16_59,0
16_60,0
16_61,0
16_62,0
17_1,0
17_2,0
17_3,0
17_4,0
17_5,0
17_6,0
17_7,0
17_8,0
17_9,0
17_10,0
17_11,0
17_12,0
17_13,0
17_14,0
17_15,0
17_16,0
17_17,0
17_18,0
17_19,0
17_20,0
17_21,0
17_22,0
17_23,0
17_24,0
17_25,0
17_26,0
17_27,0
17_28,0
17_29,0
17_30,0
17_31,0
17_32,0
17_33,0
17_34,0
17_35,0
17_36,0
17_37,0
17_38,0
17_39,0
17_40,0
17_41,0
17_42,0
17_43,0
17_44,0
17_45,0
17_46,0
17_47,0
17_48,0
17_49,0
17_50,0
17_51,0
17_52,0
17_53,0
17_54,0
17_55,0
17_56,0
17_57,0
17_58,0
17_59,0
17_60,0
17_61,0
17_62,0
18_1,0
18_2,0
18_3,0
18_4,0
18_5,0
18_6,0
18_7,0
18_8,0
18_9,0
18_10,0
18_11,0
18_12,0
18_13,0
18_14,0
18_15,0
18_16,0
18_17,0
18_18,0
18_19,0
18_20,0
18_21,0
18_22,0
18_23,0
18_24,0
18_25,0
18_26,0
18_27,0
18_28,0
18_29,0
18_30,0
18_31,0
18_32,0
18_33,0
18_34,0
18_35,0
18_36,0
18_37,0
18_38,0
18_39,0
18_40,0
18_41,0
18_42,0
18_43,0
18_44,0
18_45,0
18_46,0
18_47,0
18_48,0
18_49,0
18_50,0
18_51,0
18_52,0
18_53,0
18_54,0
18_55,0
18_56,0
18_57,0
18_58,0
18_59,0
18_60,0
18_61,0
18_62,0
19_1,0
19_2,0
19_3,0
19_4,0
19_5,0
19_6,0
19_7,0
19_8,0
19_9,0
19_10,0
19_11,0
19_12,0
19_13,0
19_14,0
19_15,0
19_16,0
19_17,0
19_18,0
19_19,0
19_20,0
19_21,0
19_22,0
19_23,0
19_24,0
19_25,0
19_26,0
19_27,0
19_28,0
19_29,0
19_30,0
19_31,0
19_32,0
19_33,0
19_34,0
19_35,0
19_36,0
19_37,0
19_38,0
19_39,0
19_40,0
19_41,0
19_42,0
19_43,0
19_44,0
19_45,0
19_46,0
19_47,0
19_48,0
19_49,0
19_50,0
19_51,0
19_52,0
19_53,0
19_54,0
19_55,0
19_56,0
19_57,0
19_58,0
19_59,0
19_60,0
19_61,0
19_62,0
20_1,0
20_2,0
20_3,0
20_4,0
20_5,0
20_6,0
20_7,0
20_8,0
20_9,0
20_10,0
20_11,0
20_12,0
20_13,0
20_14,0
20_15,0
20_16,0
20_17,0
20_18,0
20_19,0
20_20,0
20_21,0
20_22,0
20_23,0
20_24,0
20_25,0
20_26,0
20_27,0
20_28,0
20_29,0
20_30,0
20_31,0
20_32,0
20_33,0
20_34,0
20_35,0
20_36,0
20_37,0
20_38,0
20_39,0
20_40,0
20_41,0
20_42,0
20_43,0
20_44,0
20_45,0
20_46,0
20_47,0
20_48,0
20_49,0
20_50,0
20_51,0
20_52,0
20_53,0
20_54,0
20_55,0
20_56,0
20_57,0
20_58,0
20_59,0
20_60,0
20_61,0
20_62,0
21_1,0
21_2,0
21_3,0
21_4,0
21_5,0
21_6,0
21_7,0
21_8,0
21_9,0
21_10,0
21_11,0
21_12,0
21_13,0
21_14,0
21_15,0
21_16,0
21_17,0
21_18,0
21_19,0
21_20,0
21_21,0
21_22,0
21_23,0
21_24,0
21_25,0
21_26,0
21_27,0
21_28,0
21_29,0
21_30,0
21_31,0
21_32,0
21_33,0
21_34,0
21_35,0
21_36,0
21_37,0
21_38,0
21_39,0
21_40,0
21_41,0
21_42,0
21_43,0
21_44,0
21_45,0
21_46,0
21_47,0
21_48,0
21_49,0
21_50,0
21_51,0
21_52,0
21_53,0
21_54,0
21_55,0
21_56,0
21_57,0
21_58,0
21_59,0
21_60,0
21_61,0
21_62,0
22_1,0
22_2,0
22_3,0
22_4,0
22_5,0
22_6,0
22_7,0
22_8,0
22_9,0
22_10,0
22_11,0
22_12,0
22_13,0
22_14,0
22_15,0
22_16,0
22_17,0
22_18,0
22_19,0
22_20,0
22_21,0
22_22,0
22_23,0
22_24,0
22_25,0
22_26,0
22_27,0
22_28,0
22_29,0
22_30,0
22_31,0
22_32,0
22_33,0
22_34,0
22_35,0
22_36,0
22_37,0
22_38,0
22_39,0
22_40,0
22_41,0
22_42,0
22_43,0
22_44,0
22_45,0
22_46,0
22_47,0
22_48,0
22_49,0
22_50,0
22_51,0
22_52,0
22_53,0
22_54,0
22_55,0
22_56,0
22_57,0
22_58,0
22_59,0
22_60,0
22_61,0
22_62,0
23_1,0
23_2,0
23_3,0
23_4,0
23_5,0
23_6,0
23_7,0
23_8,0
23_9,0
23_10,0
23_11,0
23_12,0
23_13,0
23_14,0
23_15,0
23_16,0
23_17,0
23_18,0
23_19,0
23_20,0
23_21,0
23_22,0
23_23,0
23_24,0
23_25,0
23_26,0
23_27,0
23_28,0
23_29,0
23_30,0
23_31,0
23_32,0
23_33,0
23_34,0
23_35,0
23_36,0
23_37,0
23_38,0
23_39,0
23_40,0
23_41,0
23_42,0
23_43,0
23_44,0
23_45,0
23_46,0
23_47,0
23_48,0
23_49,0
23_50,0
23_51,0
23_52,0
23_53,0
23_54,0
23_55,0
23_56,0
23_57,0
23_58,0
23_59,0
23_60,0
23_61,0
23_62,0
24_1,0
24_2,0
24_3,0
24_4,0
24_5,0
24_6,0
24_7,0
24_8,0
24_9,0
24_10,0
24_11,0
24_12,0
24_13,0
24_14,0
24_15,0
24_16,0
24_17,0
24_18,0
24_19,0
24_20,0
24_21,0
24_22,0
24_23,0
24_24,0
24_25,0
24_26,0
24_27,0
24_28,0
24_29,0
24_30,0
24_31,0
24_32,0
24_33,0
24_34,0
24_35,0
24_36,0
24_37,0
24_38,0
24_39,0
24_40,0
24_41,0
24_42,0
24_43,0
24_44,0
24_45,0
24_46,0
24_47,0
24_48,0
24_49,0
24_50,0
24_51,0
24_52,0
24_53,0
24_54,0
24_55,0
24_56,0
24_57,0
24_58,0
24_59,0
24_60,0
24_61,0
24_62,0
25_1,0
25_2,0
25_3,0
25_4,0
25_5,0
25_6,0
25_7,0
25_8,0
25_9,0
25_10,0
25_11,0
25_12,0
25_13,0
25_14,0
25_15,0
25_16,0
25_17,0
25_18,0
25_19,0
25_20,0
25_21,0
25_22,0
25_23,0
25_24,0
25_25,0
25_26,0
25_27,0
25_28,0
25_29,0
25_30,0
25_31,0
25_32,0
25_33,0
25_34,0
25_35,0
25_36,0
25_37,0
25_38,0
25_39,0
25_40,0
25_41,0
25_42,0
25_43,0
25_44,0
25_45,0
25_46,0
25_47,0
25_48,0
25_49,0
25_50,0
25_51,0
25_52,0
25_53,0
25_54,0
25_55,0
25_56,0
25_57,0
25_58,0
25_59,0
25_60,0
25_61,0
25_62,0
26_1,0
26_2,0
26_3,0
26_4,0
26_5,0
26_6,0
26_7,0
26_8,0
26_9,0
26_10,0
26_11,0
26_12,0
26_13,0
26_14,0
26_15,0
26_16,0
26_17,0
26_18,0
26_19,0
26_20,0
26_21,0
26_22,0
26_23,0
26_24,0
26_25,0
26_26,0
26_27,0
26_28,0
26_29,0
26_30,0
26_31,0
26_32,0
26_33,0
26_34,0
26_35,0
26_36,0
26_37,0
26_38,0
26_39,0
26_40,0
26_41,0
26_42,0
26_43,0
26_44,0
26_45,0
26_46,0
26_47,0
26_48,0
26_49,0
26_50,0
26_51,0
26_52,0
26_53,0
26_54,0
26_55,0
26_56,0
26_57,0
26_58,0
26_59,0
26_60,0
26_61,0
26_62,0
27_1,0
27_2,0
27_3,0
27_4,0
27_5,0
27_6,0
27_7,0
27_8,0
27_9,0
27_10,0
27_11,0
27_12,0
27_13,0
27_14,0
27_15,0
27_16,0
27_17,0
27_18,0
27_19,0
27_20,0
27_21,0
27_22,0
27_23,0
27_24,0
27_25,0
27_26,0
27_27,0
27_28,0
27_29,0
27_30,0
27_31,0
27_32,0
27_33,0
27_34,0
27_35,0
27_36,0
27_37,0
27_38,0
27_39,0
27_40,0
27_41,0
27_42,0
27_43,0
27_44,0
27_45,0
27_46,0
27_47,0
27_48,0
27_49,0
27_50,0
27_51,0
27_52,0
27_53,0
27_54,0
27_55,0
27_56,0
27_57,0
27_58,0
27_59,0
27_60,0
27_61,0
27_62,0
28_1,0
28_2,0
28_3,0
28_4,0
28_5,0
28_6,0
28_7,0
28_8,0
28_9,0
28_10,0
28_11,0
28_12,0
28_13,0
28_14,0
28_15,0
28_16,0
28_17,0
28_18,0
28_19,0
28_20,0
28_21,0
28_22,0
28_23,0
28_24,0
28_25,0
28_26,0
28_27,0
28_28,0
28_29,0
28_30,0
28_31,0
28_32,0
28_33,0
28_34,0
28_35,0
28_36,0
28_37,0
28_38,0
28_39,0
28_40,0
28_41,0
28_42,0
28_43,0
28_44,0
28_45,0
28_46,0
28_47,0
28_48,0
28_49,0
28_50,0
28_51,0
28_52,0
28_53,0
28_54,0
28_55,0
28_56,0
28_57,0
28_58,0
28_59,0
28_60,0
28_61,0
28_62,0
29_1,0
29_2,0
29_3,0
29_4,0
29_5,0
29_6,0
29_7,0
29_8,0
29_9,0
29_10,0
29_11,0
29_12,0
29_13,0
29_14,0
29_15,0
29_16,0
29_17,0
29_18,0
29_19,0
29_20,0
29_21,0
29_22,0
29_23,0
29_24,0
29_25,0
29_26,0
29_27,0
29_28,0
29_29,0
29_30,0
29_31,0
29_32,0
29_33,0
29_34,0
29_35,0
29_36,0
29_37,0
29_38,0
29_39,0
29_40,0
29_41,0
29_42,0
29_43,0
29_44,0
29_45,0
29_46,0
29_47,0
29_48,0
29_49,0
29_50,0
29_51,0
29_52,0
29_53,0
29_54,0
29_55,0
29_56,0
29_57,0
29_58,0
29_59,0
29_60,0
29_61,0
29_62,0
30_1,0
30_2,0
30_3,0
30_4,0
30_5,0
30_6,0
30_7,0
30_8,0
30_9,0
30_10,0
30_11,0
30_12,0
30_13,0
30_14,0
30_15,0
30_16,0
30_17,0
30_18,0
30_19,0
30_20,0
30_21,0
30_22,0
30_23,0
30_24,0
30_25,0
30_26,0
30_27,0
30_28,0
30_29,0
30_30,0
30_31,0
30_32,0
30_33,0
30_34,0
30_35,0
30_36,0
30_37,0
30_38,0
30_39,0
30_40,0
30_41,0
30_42,0
30_43,0
30_44,0
30_45,0
30_46,0
30_47,0
30_48,0
30_49,0
30_50,0
30_51,0
30_52,0
30_53,0
30_54,0
30_55,0
30_56,0
30_57,0
30_58,0
30_59,0
30_60,0
30_61,0
30_62,0
31_1,0
31_2,0
31_3,0
31_4,0
31_5,0
31_6,0
31_7,0
31_8,0
31_9,0
31_10,0
31_11,0
31_12,0
31_13,0
31_14,0
31_15,0
31_16,0
31_17,0
31_18,0
31_19,0
31_20,0
31_21,0
31_22,0
31_23,0
31_24,0
31_25,0
31_26,0
31_27,0
31_28,0
31_29,0
31_30,0
31_31,0
31_32,0
31_33,0
31_34,0
31_35,0
31_36,0
31_37,0
31_38,0
31_39,0
31_40,0
31_41,0
31_42,0
31_43,0
31_44,0
31_45,0
31_46,0
31_47,0
31_48,0
31_49,0
31_50,0
31_51,0
31_52,0
31_53,0
31_54,0
31_55,0
31_56,0
31_57,0
31_58,0
31_59,0
31_60,0
31_61,0
31_62,0
32_1,0
32_2,0
32_3,0
32_4,0
32_5,0
32_6,0
32_7,0
32_8,0
32_9,0
32_10,0
32_11,0
32_12,0
32_13,0
32_14,0
32_15,0
32_16,0
32_17,0
32_18,0
32_19,0
32_20,0
32_21,0
32_22,0
32_23,0
32_24,0
32_25,0
32_26,0
32_27,0
32_28,0
32_29,0
32_30,0
32_31,0
32_32,0
32_33,0
32_34,0
32_35,0
32_36,0
32_37,0
32_38,0
32_39,0
32_40,0
32_41,0
32_42,0
32_43,0
32_44,0
32_45,0
32_46,0
32_47,0
32_48,0
32_49,0
32_50,0
32_51,0
32_52,0
32_53,0
32_54,0
32_55,0
32_56,0
32_57,0
32_58,0
32_59,0
32_60,0
32_61,0
32_62,0
33_1,0
33_2,0
33_3,0
33_4,0
33_5,0
33_6,0
33_7,0
33_8,0
33_9,0
33_10,0
33_11,0
33_12,0
33_13,0
33_14,0
33_15,0
33_16,0
33_17,0
33_18,0
33_19,0
33_20,0
33_21,0
33_22,0
33_23,0
33_24,0
33_25,0
33_26,0
33_27,0
33_28,0
33_29,0
33_30,0
33_31,0
33_32,0
33_33,0
33_34,0
33_35,0
33_36,0
33_37,0
33_38,0
33_39,0
33_40,0
33_41,0
33_42,0
33_43,0
33_44,0
33_45,0
33_46,0
33_47,0
33_48,0
33_49,0
33_50,0
33_51,0
33_52,0
33_53,0
33_54,0
33_55,0
33_56,0
33_57,0
33_58,0
33_59,0
33_60,0
33_61,0
33_62,0
34_1,0
34_2,0
34_3,0
34_4,0
34_5,0
34_6,0
34_7,0
34_8,0
34_9,0
34_10,0
34_11,0
34_12,0
34_13,0
34_14,0
34_15,0
34_16,0
34_17,0
34_18,0
34_19,0
34_20,0
34_21,0
34_22,0
34_23,0
34_24,0
34_25,0
34_26,0
34_27,0
34_28,0
34_29,0
34_30,0
34_31,0
34_32,0
34_33,0
34_34,0
34_35,0
34_36,0
34_37,0
34_38,0
34_39,0
34_40,0
34_41,0
34_42,0
34_43,0
34_44,0
34_45,0
34_46,0
34_47,0
34_48,0
34_49,0
34_50,0
34_51,0
34_52,0
34_53,0
34_54,0
34_55,0
34_56,0
34_57,0
34_58,0
34_59,0
34_60,0
34_61,0
34_62,0
35_1,0
35_2,0
35_3,0
35_4,0
35_5,0
35_6,0
35_7,0
35_8,0
35_9,0
35_10,0
35_11,0
35_12,0
35_13,0
35_14,0
35_15,0
35_16,0
35_17,0
35_18,0
35_19,0
35_20,0
35_21,0
35_22,0
35_23,0
35_24,0
35_25,0
35_26,0
35_27,0
35_28,0
35_29,0
35_30,0
35_31,0
35_32,0
35_33,0
35_34,0
35_35,0
35_36,0
35_37,0
35_38,0
35_39,0
35_40,0
35_41,0
35_42,0
35_43,0
35_44,0
35_45,0
35_46,0
35_47,0
35_48,0
35_49,0
35_50,0
35_51,0
35_52,0
35_53,0
35_54,0
35_55,0
35_56,0
35_57,0
35_58,0
35_59,0
35_60,0
35_61,0
35_62,0
36_1,0
36_2,0
36_3,0
36_4,0
36_5,0
36_6,0
36_7,0
36_8,0
36_9,0
36_10,0
36_11,0
36_12,0
36_13,0
36_14,0
36_15,0
36_16,0
36_17,0
36_18,0
36_19,0
36_20,0
36_21,0
36_22,0
36_23,0
36_24,0
36_25,0
36_26,0
36_27,0
36_28,0
36_29,0
36_30,0
36_31,0
36_32,0
36_33,0
36_34,0
36_35,0
36_36,0
36_37,0
36_38,0
36_39,0
36_40,0
36_41,0
36_42,0
36_43,0
36_44,0
36_45,0
36_46,0
36_47,0
36_48,0
36_49,0
36_50,0
36_51,0
36_52,0
36_53,0
36_54,0
36_55,0
36_56,0
36_57,0
36_58,0
36_59,0
36_60,0
36_61,0
36_62,0
37_1,0
37_2,0
37_3,0
37_4,0
37_5,0
37_6,0
37_7,0
37_8,0
37_9,0
37_10,0
37_11,0
37_12,0
37_13,0
37_14,0
37_15,0
37_16,0
37_17,0
37_18,0
37_19,0
37_20,0
37_21,0
37_22,0
37_23,0
37_24,0
37_25,0
37_26,0
37_27,0
37_28,0
37_29,0
37_30,0
37_31,0
37_32,0
37_33,0
37_34,0
37_35,0
37_36,0
37_37,0
37_38,0
37_39,0
37_40,0
37_41,0
37_42,0
37_43,0
37_44,0
37_45,0
37_46,0
37_47,0
37_48,0
37_49,0
37_50,0
37_51,0
37_52,0
37_53,0
37_54,0
37_55,0
37_56,0
37_57,0
37_58,0
37_59,0
37_60,0
37_61,0
37_62,0
38_1,0
38_2,0
38_3,0
38_4,0
38_5,0
38_6,0
38_7,0
38_8,0
38_9,0
38_10,0
38_11,0
38_12,0
38_13,0
38_14,0
38_15,0
38_16,0
38_17,0
38_18,0
38_19,0
38_20,0
38_21,0
38_22,0
38_23,0
38_24,0
38_25,0
38_26,0
38_27,0
38_28,0
38_29,0
38_30,0
38_31,0
38_32,0
38_33,0
38_34,0
38_35,0
38_36,0
38_37,0
38_38,0
38_39,0
38_40,0
38_41,0
38_42,0
38_43,0
38_44,0
38_45,0
38_46,0
38_47,0
38_48,0
38_49,0
38_50,0
38_51,0
38_52,0
38_53,0
38_54,0
38_55,0
38_56,0
38_57,0
38_58,0
38_59,0
38_60,0
38_61,0
38_62,0
39_1,0
39_2,0
39_3,0
39_4,0
39_5,0
39_6,0
39_7,0
39_8,0
39_9,0
39_10,0
39_11,0
39_12,0
39_13,0
39_14,0
39_15,0
39_16,0
39_17,0
39_18,0
39_19,0
39_20,0
39_21,0
39_22,0
39_23,0
39_24,0
39_25,0
39_26,0
39_27,0
39_28,0
39_29,0
39_30,0
39_31,0
39_32,0
39_33,0
39_34,0
39_35,0
39_36,0
39_37,0
39_38,0
39_39,0
39_40,0
39_41,0
39_42,0
39_43,0
39_44,0
39_45,0
39_46,0
39_47,0
39_48,0
39_49,0
39_50,0
39_51,0
39_52,0
39_53,0
39_54,0
39_55,0
39_56,0
39_57,0
39_58,0
39_59,0
39_60,0
39_61,0
39_62,0
40_1,0
40_2,0
40_3,0
40_4,0
40_5,0
40_6,0
40_7,0
40_8,0
40_9,0
40_10,0
40_11,0
40_12,0
40_13,0
40_14,0
40_15,0
40_16,0
40_17,0
40_18,0
40_19,0
40_20,0
40_21,0
40_22,0
40_23,0
40_24,0
40_25,0
40_26,0
40_27,0
40_28,0
40_29,0
40_30,0
40_31,0
40_32,0
40_33,0
40_34,0
40_35,0
40_36,0
40_37,0
40_38,0
40_39,0
40_40,0
40_41,0
40_42,0
40_43,0
40_44,0
40_45,0
40_46,0
40_47,0
40_48,0
40_49,0
40_50,0
40_51,0
40_52,0
40_53,0
40_54,0
40_55,0
40_56,0
40_57,0
40_58,0
40_59,0
40_60,0
40_61,0
40_62,0
41_1,0
41_2,0
41_3,0
41_4,0
41_5,0
41_6,0
41_7,0
41_8,0
41_9,0
41_10,0
41_11,0
41_12,0
41_13,0
41_14,0
41_15,0
41_16,0
41_17,0
41_18,0
41_19,0
41_20,0
41_21,0
41_22,0
41_23,0
41_24,0
41_25,0
41_26,0
41_27,0
41_28,0
41_29,0
41_30,0
41_31,0
41_32,0
41_33,0
41_34,0
41_35,0
41_36,0
41_37,0
41_38,0
41_39,0
41_40,0
41_41,0
41_42,0
41_43,0
41_44,0
41_45,0
41_46,0
41_47,0
41_48,0
41_49,0
41_50,0
41_51,0
41_52,0
41_53,0
41_54,0
41_55,0
41_56,0
41_57,0
41_58,0
41_59,0
41_60,0
41_61,0
41_62,0
42_1,0
42_2,0
42_3,0
42_4,0
42_5,0
42_6,0
42_7,0
42_8,0
42_9,0
42_10,0
42_11,0
42_12,0
42_13,0
42_14,0
42_15,0
42_16,0
42_17,0
42_18,0
42_19,0
42_20,0
42_21,0
42_22,0
42_23,0
42_24,0
42_25,0
42_26,0
42_27,0
42_28,0
42_29,0
42_30,0
42_31,0
42_32,0
42_33,0
42_34,0
42_35,0
42_36,0
42_37,0
42_38,0
42_39,0
42_40,0
42_41,0
42_42,0
42_43,0
42_44,0
42_45,0
42_46,0
42_47,0
42_48,0
42_49,0
42_50,0
42_51,0
42_52,0
42_53,0
42_54,0
42_55,0
42_56,0
42_57,0
42_58,0
42_59,0
42_60,0
42_61,0
42_62,0
43_1,0
43_2,0
43_3,0
43_4,0
43_5,0
43_6,0
43_7,0
43_8,0
43_9,0
43_10,0
43_11,0
43_12,0
43_13,0
43_14,0
43_15,0
43_16,0
43_17,0
43_18,0
43_19,0
43_20,0
43_21,0
43_22,0
43_23,0
43_24,0
43_25,0
43_26,0
43_27,0
43_28,0
43_29,0
43_30,0
43_31,0
43_32,0
43_33,0
43_34,0
43_35,0
43_36,0
43_37,0
43_38,0
43_39,0
43_40,0
43_41,0
43_42,0
43_43,0
43_44,0
43_45,0
43_46,0
43_47,0
43_48,0
43_49,0
43_50,0
43_51,0
43_52,0
43_53,0
43_54,0
43_55,0
43_56,0
43_57,0
43_58,0
43_59,0
43_60,0
43_61,0
43_62,0
44_1,0
44_2,0
44_3,0
44_4,0
44_5,0
44_6,0
44_7,0
44_8,0
44_9,0
44_10,0
44_11,0
44_12,0
44_13,0
44_14,0
44_15,0
44_16,0
44_17,0
44_18,0
44_19,0
44_20,0
44_21,0
44_22,0
44_23,0
44_24,0
44_25,0
44_26,0
44_27,0
44_28,0
44_29,0
44_30,0
44_31,0
44_32,0
44_33,0
44_34,0
44_35,0
44_36,0
44_37,0
44_38,0
44_39,0
44_40,0
44_41,0
44_42,0
44_43,0
44_44,0
44_45,0
44_46,0
44_47,0
44_48,0
44_49,0
44_50,0
44_51,0
44_52,0
44_53,0
44_54,0
44_55,0
44_56,0
44_57,0
44_58,0
44_59,0
44_60,0
44_61,0
44_62,0
45_1,0
45_2,0
45_3,0
45_4,0
45_5,0
45_6,0
45_7,0
45_8,0
45_9,0
45_10,0
45_11,0
45_12,0
45_13,0
45_14,0
45_15,0
45_16,0
45_17,0
45_18,0
45_19,0
45_20,0
45_21,0
45_22,0
45_23,0
45_24,0
45_25,0
45_26,0
45_27,0
45_28,0
45_29,0
45_30,0
45_31,0
45_32,0
45_33,0
45_34,0
45_35,0
45_36,0
45_37,0
45_38,0
45_39,0
45_40,0
45_41,0
45_42,0
45_43,0
45_44,0
45_45,0
45_46,0
45_47,0
45_48,0
45_49,0
45_50,0
45_51,0
45_52,0
45_53,0
45_54,0
45_55,0
45_56,0
45_57,0
45_58,0
45_59,0
45_60,0
45_61,0
45_62,0
46_1,0
46_2,0
46_3,0
46_4,0
46_5,0
46_6,0
46_7,0
46_8,0
46_9,0
46_10,0
46_11,0
46_12,0
46_13,0
46_14,0
46_15,0
46_16,0
46_17,0
46_18,0
46_19,0
46_20,0
46_21,0
46_22,0
46_23,0
46_24,0
46_25,0
46_26,0
46_27,0
46_28,0
46_29,0
46_30,0
46_31,0
46_32,0
46_33,0
46_34,0
46_35,0
46_36,0
46_37,0
46_38,0
46_39,0
46_40,0
46_41,0
46_42,0
46_43,0
46_44,0
46_45,0
46_46,0
46_47,0
46_48,0
46_49,0
46_50,0
46_51,0
46_52,0
46_53,0
46_54,0
46_55,0
46_56,0
46_57,0
46_58,0
46_59,0
46_60,0
46_61,0
46_62,0
47_1,0
47_2,0
47_3,0
47_4,0
47_5,0
47_6,0
47_7,0
47_8,0
47_9,0
47_10,0
47_11,0
47_12,0
47_13,0
47_14,0
47_15,0
47_16,0
47_17,0
47_18,0
47_19,0
47_20,0
47_21,0
47_22,0
47_23,0
47_24,0
47_25,0
47_26,0
47_27,0
47_28,0
47_29,0
47_30,0
47_31,0
47_32,0
47_33,0
47_34,0
47_35,0
47_36,0
47_37,0
47_38,0
47_39,0
47_40,0
47_41,0
47_42,0
47_43,0
47_44,0
47_45,0
47_46,0
47_47,0
47_48,0
47_49,0
47_50,0
47_51,0
47_52,0
47_53,0
47_54,0
47_55,0
47_56,0
47_57,0
47_58,0
47_59,0
47_60,0
47_61,0
47_62,0
48_1,0
48_2,0
48_3,0
48_4,0
48_5,0
48_6,0
48_7,0
48_8,0
48_9,0
48_10,0
48_11,0
48_12,0
48_13,0
48_14,0
48_15,0
48_16,0
48_17,0
48_18,0
48_19,0
48_20,0
48_21,0
48_22,0
48_23,0
48_24,0
48_25,0
48_26,0
48_27,0
48_28,0
48_29,0
48_30,0
48_31,0
48_32,0
48_33,0
48_34,0
48_35,0
48_36,0
48_37,0
48_38,0
48_39,0
48_40,0
48_41,0
48_42,0
48_43,0
48_44,0
48_45,0
48_46,0
48_47,0
48_48,0
48_49,0
48_50,0
48_51,0
48_52,0
48_53,0
48_54,0
48_55,0
48_56,0
48_57,0
48_58,0
48_59,0
48_60,0
48_61,0
48_62,0
49_1,0
49_2,0
49_3,0
49_4,0
49_5,0
49_6,0
49_7,0
49_8,0
49_9,0
49_10,0
49_11,0
49_12,0
49_13,0
49_14,0
49_15,0
49_16,0
49_17,0
49_18,0
49_19,0
49_20,0
49_21,0
49_22,0
49_23,0
49_24,0
49_25,0
49_26,0
49_27,0
49_28,0
49_29,0
49_30,0
49_31,0
49_32,0
49_33,0
49_34,0
49_35,0
49_36,0
49_37,0
49_38,0
49_39,0
49_40,0
49_41,0
49_42,0
49_43,0
49_44,0
49_45,0
49_46,0
49_47,0
49_48,0
49_49,0
49_50,0
49_51,0
49_52,0
49_53,0
49_54,0
49_55,0
49_56,0
49_57,0
49_58,0
49_59,0
49_60,0
49_61,0
49_62,0
50_1,0
50_2,0
50_3,0
50_4,0
50_5,0
50_6,0
50_7,0
50_8,0
50_9,0
50_10,0
50_11,0
50_12,0
50_13,0
50_14,0
50_15,0
50_16,0
50_17,0
50_18,0
50_19,0
50_20,0
50_21,0
50_22,0
50_23,0
50_24,0
50_25,0
50_26,0
50_27,0
50_28,0
50_29,0
50_30,0
50_31,0
50_32,0
50_33,0
50_34,0
50_35,0
50_36,0
50_37,0
50_38,0
50_39,0
50_40,0
50_41,0
50_42,0
50_43,0
50_44,0
50_45,0
50_46,0
50_47,0
50_48,0
50_49,0
50_50,0
50_51,0
50_52,0
50_53,0
50_54,0
50_55,0
50_56,0
50_57,0
50_58,0
50_59,0
50_60,0
50_61,0
50_62,0
51_1,0
51_2,0
51_3,0
51_4,0
51_5,0
51_6,0
51_7,0
51_8,0
51_9,0
51_10,0
51_11,0
51_12,0
51_13,0
51_14,0
51_15,0
51_16,0
51_17,0
51_18,0
51_19,0
51_20,0
51_21,0
51_22,0
51_23,0
51_24,0
51_25,0
51_26,0
51_27,0
51_28,0
51_29,0
51_30,0
51_31,0
51_32,0
51_33,0
51_34,0
51_35,0
51_36,0
51_37,0
51_38,0
51_39,0
51_40,0
51_41,0
51_42,0
51_43,0
51_44,0
51_45,0
51_46,0
51_47,0
51_48,0
51_49,0
51_50,0
51_51,0
51_52,0
51_53,0
51_54,0
51_55,0
51_56,0
51_57,0
51_58,0
51_59,0
51_60,0
51_61,0
51_62,0
52_1,0
52_2,0
52_3,0
52_4,0
52_5,0
52_6,0
52_7,0
52_8,0
52_9,0
52_10,0
52_11,0
52_12,0
52_13,0
52_14,0
52_15,0
52_16,0
52_17,0
52_18,0
52_19,0
52_20,0
52_21,0
52_22,0
52_23,0
52_24,0
52_25,0
52_26,0
52_27,0
52_28,0
52_29,0
52_30,0
52_31,0
52_32,0
52_33,0
52_34,0
52_35,0
52_36,0
52_37,0
52_38,0
52_39,0
52_40,0
52_41,0
52_42,0
52_43,0
52_44,0
52_45,0
52_46,0
52_47,0
52_48,0
52_49,0
52_50,0
52_51,0
52_52,0
52_53,0
52_54,0
52_55,0
52_56,0
52_57,0
52_58,0
52_59,0
52_60,0
52_61,0
52_62,0
53_1,0
53_2,0
53_3,0
53_4,0
53_5,0
53_6,0
53_7,0
53_8,0
53_9,0
53_10,0
53_11,0
53_12,0
53_13,0
53_14,0
53_15,0
53_16,0
53_17,0
53_18,0
53_19,0
53_20,0
53_21,0
53_22,0
53_23,0
53_24,0
53_25,0
53_26,0
53_27,0
53_28,0
53_29,0
53_30,0
53_31,0
53_32,0
53_33,0
53_34,0
53_35,0
53_36,0
53_37,0
53_38,0
53_39,0
53_40,0
53_41,0
53_42,0
53_43,0
53_44,0
53_45,0
53_46,0
53_47,0
53_48,0
53_49,0
53_50,0
53_51,0
53_52,0
53_53,0
53_54,0
53_55,0
53_56,0
53_57,0
53_58,0
53_59,0
53_60,0
53_61,0
53_62,0
54_1,0
54_2,0
54_3,0
54_4,0
54_5,0
54_6,0
54_7,0
54_8,0
54_9,0
54_10,0
54_11,0
54_12,0
54_13,0
54_14,0
54_15,0
54_16,0
54_17,0
54_18,0
54_19,0
54_20,0
54_21,0
54_22,0
54_23,0
54_24,0
54_25,0
54_26,0
54_27,0
54_28,0
54_29,0
54_30,0
54_31,0
54_32,0
54_33,0
54_34,0
54_35,0
54_36,0
54_37,0
54_38,0
54_39,0
54_40,0
54_41,0
54_42,0
54_43,0
54_44,0
54_45,0
54_46,0
54_47,0
54_48,0
54_49,0
54_50,0
54_51,0
54_52,0
54_53,0
54_54,0
54_55,0
54_56,0
54_57,0
54_58,0
54_59,0
54_60,0
54_61,0
54_62,0
55_1,0
55_2,0
55_3,0
55_4,0
55_5,0
55_6,0
55_7,0
55_8,0
55_9,0
55_10,0
55_11,0
55_12,0
55_13,0
55_14,0
55_15,0
55_16,0
55_17,0
55_18,0
55_19,0
55_20,0
55_21,0
55_22,0
55_23,0
55_24,0
55_25,0
55_26,0
55_27,0
55_28,0
55_29,0
55_30,0
55_31,0
55_32,0
55_33,0
55_34,0
55_35,0
55_36,0
55_37,0
55_38,0
55_39,0
55_40,0
55_41,0
55_42,0
55_43,0
55_44,0
55_45,0
55_46,0
55_47,0
55_48,0
55_49,0
55_50,0
55_51,0
55_52,0
55_53,0
55_54,0
55_55,0
55_56,0
55_57,0
55_58,0
55_59,0
55_60,0
55_61,0
55_62,0
56_1,0
56_2,0
56_3,0
56_4,0
56_5,0
56_6,0
56_7,0
56_8,0
56_9,0
56_10,0
56_11,0
56_12,0
56_13,0
56_14,0
56_15,0
56_16,0
56_17,0
56_18,0
56_19,0
56_20,0
56_21,0
56_22,0
56_23,0
56_24,0
56_25,0
56_26,0
56_27,0
56_28,0
56_29,0
56_30,0
56_31,0
56_32,0
56_33,0
56_34,0
56_35,0
56_36,0
56_37,0
56_38,0
56_39,0
56_40,0
56_41,0
56_42,0
56_43,0
56_44,0
56_45,0
56_46,0
56_47,0
56_48,0
56_49,0
56_50,0
56_51,0
56_52,0
56_53,0
56_54,0
56_55,0
56_56,0
56_57,0
56_58,0
56_59,0
56_60,0
56_61,0
56_62,0
57_1,0
57_2,0
57_3,0
57_4,0
57_5,0
57_6,0
57_7,0
57_8,0
57_9,0
57_10,0
57_11,0
57_12,0
57_13,0
57_14,0
57_15,0
57_16,0
57_17,0
57_18,0
57_19,0
57_20,0
57_21,0
57_22,0
57_23,0
57_24,0
57_25,0
57_26,0
57_27,0
57_28,0
57_29,0
57_30,0
57_31,0
57_32,0
57_33,0
57_34,0
57_35,0
57_36,0
57_37,0
57_38,0
57_39,0
57_40,0
57_41,0
57_42,0
57_43,0
57_44,0
57_45,0
57_46,0
57_47,0
57_48,0
57_49,0
57_50,0
57_51,0
57_52,0
57_53,0
57_54,0
57_55,0
57_56,0
57_57,0
57_58,0
57_59,0
57_60,0
57_61,0
57_62,0
58_1,0
58_2,0
58_3,0
58_4,0
58_5,0
58_6,0
58_7,0
58_8,0
58_9,0
58_10,0
58_11,0
58_12,0
58_13,0
58_14,0
58_15,0
58_16,0
58_17,0
58_18,0
58_19,0
58_20,0
58_21,0
58_22,0
58_23,0
58_24,0
58_25,0
58_26,0
58_27,0
58_28,0
58_29,0
58_30,0
58_31,0
58_32,0
58_33,0
58_34,0
58_35,0
58_36,0
58_37,0
58_38,0
58_39,0
58_40,0
58_41,0
58_42,0
58_43,0
58_44,0
58_45,0
58_46,0
58_47,0
58_48,0
58_49,0
58_50,0
58_51,0
58_52,0
58_53,0
58_54,0
58_55,0
58_56,0
58_57,0
58_58,0
58_59,0
58_60,0
58_61,0
58_62,0
59_1,0
59_2,0
59_3,0
59_4,0
59_5,0
59_6,0
59_7,0
59_8,0
59_9,0
59_10,0
59_11,0
59_12,0
59_13,0
59_14,0
59_15,0
59_16,0
59_17,0
59_18,0
59_19,0
59_20,0
59_21,0
59_22,0
59_23,0
59_24,0
59_25,0
59_26,0
59_27,0
59_28,0
59_29,0
59_30,0
59_31,0
59_32,0
59_33,0
59_34,0
59_35,0
59_36,0
59_37,0
59_38,0
59_39,0
59_40,0
59_41,0
59_42,0
59_43,0
59_44,0
59_45,0
59_46,0
59_47,0
59_48,0
59_49,0
59_50,0
59_51,0
59_52,0
59_53,0
59_54,0
59_55,0
59_56,0
59_57,0
59_58,0
59_59,0
59_60,0
59_61,0
59_62,0
60_1,0
60_2,0
60_3,0
60_4,0
60_5,0
60_6,0
60_7,0
60_8,0
60_9,0
60_10,0
60_11,0
60_12,0
60_13,0
60_14,0
60_15,0
60_16,0
60_17,0
60_18,0
60_19,0
60_20,0
60_21,0
60_22,0
60_23,0
60_24,0
60_25,0
60_26,0
60_27,0
60_28,0
60_29,0
60_30,0
60_31,0
60_32,0
60_33,0
60_34,0
60_35,0
60_36,0
60_37,0
60_38,0
60_39,0
60_40,0
60_41,0
60_42,0
60_43,0
60_44,0
60_45,0
60_46,0
60_47,0
60_48,0
60_49,0
60_50,0
60_51,0
60_52,0
60_53,0
60_54,0
60_55,0
60_56,0
60_57,0
60_58,0
60_59,0
60_60,0
60_61,0
60_62,0
61_1,0
61_2,0
61_3,0
61_4,0
61_5,0
61_6,0
61_7,0
61_8,0
61_9,0
61_10,0
61_11,0
61_12,0
61_13,0
61_14,0
61_15,0
61_16,0
61_17,0
61_18,0
61_19,0
61_20,0
61_21,0
61_22,0
61_23,0
61_24,0
61_25,0
61_26,0
61_27,0
61_28,0
61_29,0
61_30,0
61_31,0
61_32,0
61_33,0
61_34,0
61_35,0
61_36,0
61_37,0
61_38,0
61_39,0
61_40,0
61_41,0
61_42,0
61_43,0
61_44,0
61_45,0
61_46,0
61_47,0
61_48,0
61_49,0
61_50,0
61_51,0
61_52,0
61_53,0
61_54,0
61_55,0
61_56,0
61_57,0
61_58,0
61_59,0
61_60,0
61_61,0
61_62,0
62_1,0
62_2,0
62_3,0
62_4,0
62_5,0
62_6,0
62_7,0
62_8,0
62_9,0
62_10,0
62_11,0
62_12,0
62_13,0
62_14,0
62_15,0
62_16,0
62_17,0
62_18,0
62_19,0
62_20,0
62_21,0
62_22,0
62_23,0
62_24,0
62_25,0
62_26,0
62_27,0
62_28,0
62_29,0
62_30,0
62_31,0
62_32,0
62_33,0
62_34,0
62_35,0
62_36,0
62_37,0
62_38,0
62_39,0
62_40,0
62_41,0
62_42,0
62_43,0
62_44,0
62_45,0
62_46,0
62_47,0
62_48,0
62_49,0
62_50,0
62_51,0
62_52,0
62_53,0
62_54,0
62_55,0
62_56,0
62_57,0
62_58,0
62_59,0
62_60,0
62_61,0
62_62,0
63_1,0
63_2,0
63_3,0
63_4,0
63_5,0
63_6,0
63_7,0
63_8,0
63_9,0
63_10,0
63_11,0
63_12,0
63_13,0
63_14,0
63_15,0
63_16,0
63_17,0
63_18,0
63_19,0
63_20,0
63_21,0
63_22,0
63_23,0
63_24,0
63_25,0
63_26,0
63_27,0
63_28,0
63_29,0
63_30,0
63_31,0
63_32,0
63_33,0
63_34,0
63_35,0
63_36,0
63_37,0
63_38,0
63_39,0
63_40,0
63_41,0
63_42,0
63_43,0
63_44,0
63_45,0
63_46,0
63_47,0
63_48,0
63_49,0
63_50,0
63_51,0
63_52,0
63_53,0
63_54,0
63_55,0
63_56,0
63_57,0
63_58,0
63_59,0
63_60,0
63_61,0
63_62,0
64_1,0
64_2,0
64_3,0
64_4,0
64_5,0
64_6,0
64_7,0
64_8,0
64_9,0
64_10,0
64_11,0
64_12,0
64_13,0
64_14,0
64_15,0
64_16,0
64_17,0
64_18,0
64_19,0
64_20,0
64_21,0
64_22,0
64_23,0
64_24,0
64_25,0
64_26,0
64_27,0
64_28,0
64_29,0
64_30,0
64_31,0
64_32,0
64_33,0
64_34,0
64_35,0
64_36,0
64_37,0
64_38,0
64_39,0
64_40,0
64_41,0
64_42,0
64_43,0
64_44,0
64_45,0
64_46,0
64_47,0
64_48,0
64_49,0
64_50,0
64_51,0
64_52,0
64_53,0
64_54,0
64_55,0
64_56,0
64_57,0
64_58,0
64_59,0
64_60,0
64_61,0
64_62,0
65_1,0
65_2,0
65_3,0
65_4,0
65_5,0
65_6,0
65_7,0
65_8,0
65_9,0
65_10,0
65_11,0
65_12,0
65_13,0
65_14,0
65_15,0
65_16,0
65_17,0
65_18,0
65_19,0
65_20,0
65_21,0
65_22,0
65_23,0
65_24,0
65_25,0
65_26,0
65_27,0
65_28,0
65_29,0
65_30,0
65_31,0
